Column1,Mechanics/Electronics,Construction/Woodwork,Transportation/Machine Operation,Physical/Manual Labor,Protective Service,Agriculture,Nature/Outdoors,Animal Service,Athletics,Engineering,Physical Science,Life Science,Medical Science,Social Science,Humanities,Mathematics/Statistics,Information Technology,Visual Arts,Applied Arts and Design,Performing Arts,Music,Writing,Media,Culinary Art,Teaching/Education,Social Service,Health Care Service,Religious Activities,Personal Service,Professional Advising,Business Initiatives,Sales,Marketing/Advertising,Finance,Accounting,Human Resources,Office Work,Management/Administration,Public Speaking,Politics,Law
Civil Engineers,,,,,,,,,,,,,,,,,,,,,,,,,,,,,,,,,,,,,,,,,
Conservation Scientists,,,,,,,,,,,,,,,,,,,,,,,,,,,,,,,,,,,,,,,,,
Customer Service Representatives,,,,,,,,,,,,,,,,,,,,,,,,,,,,,,,,,,,,,,,,,
"Elementary School Teachers, Except Special Education",,,,,,,,,,,,,,,,,,,,,,,,,,,,,,,,,,,,,,,,,
"Farmworkers and Laborers, Crop, Nursery, and Greenhouse",,,,,,,,,,,,,,,,,,,,,,,,,,,,,,,,,,,,,,,,,
Fast Food and Counter Workers,,,,,,,,,,,,,,,,,,,,,,,,,,,,,,,,,,,,,,,,,
General and Operations Managers,,,,,,,,,,,,,,,,,,,,,,,,,,,,,,,,,,,,,,,,,
"Laborers and Freight, Stock, and Material Movers, Hand",,,,,,,,,,,,,,,,,,,,,,,,,,,,,,,,,,,,,,,,,
"Medical Scientists, Except Epidemiologists",,,,,,,,,,,,,,,,,,,,,,,,,,,,,,,,,,,,,,,,,
Musicians and Singers,,,,,,,,,,,,,,,,,,,,,,,,,,,,,,,,,,,,,,,,,
"Office Clerks, General",,,,,,,,,,,,,,,,,,,,,,,,,,,,,,,,,,,,,,,,,
Personal Care Aides,,,,,,,,,,,,,,,,,,,,,,,,,,,,,,,,,,,,,,,,,
Registered Nurses,,,,,,,,,,,,,,,,,,,,,,,,,,,,,,,,,,,,,,,,,
Retail Salespersons,,,,,,,,,,,,,,,,,,,,,,,,,,,,,,,,,,,,,,,,,
Stockers and Order Fillers,,,,,,,,,,,,,,,,,,,,,,,,,,,,,,,,,,,,,,,,,
,,,,,,,,,,,,,,,,,,,,,,,,,,,,,,,,,,,,,,,,,
,,,,,,,,,,,,,,,,,,,,,,,,,,,,,,,,,,,,,,,,,
,,,,,,,,,,,,,,,,,,,,,,,,,,,,,,,,,,,,,,,,,
,,,,,,,,,,,,,,,,,,,,,,,,,,,,,,,,,,,,,,,,,
,,,,,,,,,,,,,,,,,,,,,,,,,,,,,,,,,,,,,,,,,
,,,,,,,,,,,,,,,,,,,,,,,,,,,,,,,,,,,,,,,,,
,,,,,,,,,,,,,,,,,,,,,,,,,,,,,,,,,,,,,,,,,
,,,,,,,,,,,,,,,,,,,,,,,,,,,,,,,,,,,,,,,,,
,,,,,,,,,,,,,,,,,,,,,,,,,,,,,,,,,,,,,,,,,
,,,,,,,,,,,,,,,,,,,,,,,,,,,,,,,,,,,,,,,,,
,,,,,,,,,,,,,,,,,,,,,,,,,,,,,,,,,,,,,,,,,
,,,,,,,,,,,,,,,,,,,,,,,,,,,,,,,,,,,,,,,,,
,,,,,,,,,,,,,,,,,,,,,,,,,,,,,,,,,,,,,,,,,
,,,,,,,,,,,,,,,,,,,,,,,,,,,,,,,,,,,,,,,,,
,,,,,,,,,,,,,,,,,,,,,,,,,,,,,,,,,,,,,,,,,
,,,,,,,,,,,,,,,,,,,,,,,,,,,,,,,,,,,,,,,,,
,,,,,,,,,,,,,,,,,,,,,,,,,,,,,,,,,,,,,,,,,
,,,,,,,,,,,,,,,,,,,,,,,,,,,,,,,,,,,,,,,,,
,,,,,,,,,,,,,,,,,,,,,,,,,,,,,,,,,,,,,,,,,
,,,,,,,,,,,,,,,,,,,,,,,,,,,,,,,,,,,,,,,,,
,,,,,,,,,,,,,,,,,,,,,,,,,,,,,,,,,,,,,,,,,
,,,,,,,,,,,,,,,,,,,,,,,,,,,,,,,,,,,,,,,,,
,,,,,,,,,,,,,,,,,,,,,,,,,,,,,,,,,,,,,,,,,
,,,,,,,,,,,,,,,,,,,,,,,,,,,,,,,,,,,,,,,,,
,,,,,,,,,,,,,,,,,,,,,,,,,,,,,,,,,,,,,,,,,
,,,,,,,,,,,,,,,,,,,,,,,,,,,,,,,,,,,,,,,,,
